-- phpMyAdmin SQL Dump
-- version 4.7.4
-- https://www.phpmyadmin.net/
--
-- Host: 127.0.0.1
-- Generation Time: Nov 28, 2017 at 01:37 PM
-- Server version: 10.1.28-MariaDB
-- PHP Version: 5.6.32

SET SQL_MODE = "NO_AUTO_VALUE_ON_ZERO";
SET AUTOCOMMIT = 0;
START TRANSACTION;
SET time_zone = "+00:00";


/*!40101 SET @OLD_CHARACTER_SET_CLIENT=@@CHARACTER_SET_CLIENT */;
/*!40101 SET @OLD_CHARACTER_SET_RESULTS=@@CHARACTER_SET_RESULTS */;
/*!40101 SET @OLD_COLLATION_CONNECTION=@@COLLATION_CONNECTION */;
/*!40101 SET NAMES utf8mb4 */;

--
-- Database: `agriculture`
--

-- --------------------------------------------------------

--
-- Table structure for table `bio_seller`
--

CREATE TABLE `bio_seller` (
  `id` int(3) NOT NULL,
  `seller_id` int(3) NOT NULL,
  `company_name` varchar(255) NOT NULL,
  `description` text,
  `website` varchar(255) DEFAULT NULL,
  `status` enum('Active','Suspended') DEFAULT 'Active',
  `created_on` datetime DEFAULT NULL,
  `modified_on` datetime DEFAULT NULL
) ENGINE=InnoDB DEFAULT CHARSET=utf8;

-- --------------------------------------------------------

--
-- Table structure for table `business_ads`
--

CREATE TABLE `business_ads` (
  `id` int(11) NOT NULL,
  `customer_name` varchar(255) NOT NULL,
  `title` varchar(255) NOT NULL,
  `ads_image` text NOT NULL,
  `filepath` text NOT NULL,
  `description` text NOT NULL,
  `url` varchar(255) NOT NULL,
  `status` enum('Active','Inactive','','') NOT NULL,
  `created_date` timestamp NOT NULL DEFAULT CURRENT_TIMESTAMP,
  `updated_date` timestamp NOT NULL DEFAULT '0000-00-00 00:00:00',
  `created_id` int(11) NOT NULL,
  `updated_id` int(11) NOT NULL
) ENGINE=InnoDB DEFAULT CHARSET=latin1;

--
-- Dumping data for table `business_ads`
--

INSERT INTO `business_ads` (`id`, `customer_name`, `title`, `ads_image`, `filepath`, `description`, `url`, `status`, `created_date`, `updated_date`, `created_id`, `updated_id`) VALUES
(22, 'mahendransdsdsd', 'huihyuhyiu', 'slide--1111.jpg', 'http://localhost/agriculture/assets/img/business/', 'kjghkjhjkhkjkj', 'https://brianistech.wordpress.com/2010/11/19/url-validation-in-codeigniter/', 'Active', '2017-11-17 10:47:32', '2017-11-27 07:52:32', 2, 2),
(28, 'maheKUMAR', 'huihyuhyiu', 'slide--1111.jpg', 'http://localhost/agriculture/assets/img/business/', 'kjghkjhjkhkjkj', 'https://brianistech.wordpress.com/2010/11/19/url-validation-in-codeigniter/', 'Active', '2017-11-18 00:46:16', '2017-11-27 07:52:59', 1, 2),
(32, 'mahendranferde', 'huihyuhyiu', 'slide--1111.jpg', 'http://localhost/agriculture/assets/img/business/', 'kjghkjhjkhkjkj', 'https://brianistech.wordpress.com/2010/11/19/url-validation-in-codeigniter/', 'Active', '2017-11-18 00:46:30', '2017-11-27 07:53:04', 1, 2),
(34, 'mahendran', 'huihyuhyiu', 'slide--1111.jpg', 'http://localhost/agriculture/assets/img/business/', 'kjghsdfsdfsdfsdfs', 'https://brianistech.wordpress.com/2010/11/19/url-validation-in-codeigniter/', 'Active', '2017-11-18 00:46:37', '2017-11-27 07:43:19', 1, 2);

-- --------------------------------------------------------

--
-- Table structure for table `category`
--

CREATE TABLE `category` (
  `id` int(11) NOT NULL,
  `name` varchar(255) NOT NULL,
  `description` text NOT NULL,
  `category_img` text NOT NULL,
  `filepath` text NOT NULL,
  `status` enum('Active','Inactive','','') NOT NULL,
  `created_date` timestamp NOT NULL DEFAULT CURRENT_TIMESTAMP,
  `updated_date` timestamp NOT NULL DEFAULT '0000-00-00 00:00:00',
  `created_id` int(11) NOT NULL,
  `updated_id` int(11) NOT NULL
) ENGINE=InnoDB DEFAULT CHARSET=latin1;

--
-- Dumping data for table `category`
--

INSERT INTO `category` (`id`, `name`, `description`, `category_img`, `filepath`, `status`, `created_date`, `updated_date`, `created_id`, `updated_id`) VALUES
(12, 'some category', 'jhgjgjhgjhg', 'slide--31.jpg', 'http://localhost/agriculture/assets/img/category/', 'Active', '2017-11-22 07:27:18', '2017-11-22 07:29:56', 1, 1),
(13, 'rwetwert', 'this is a simple description', 'slide--121.jpg', 'http://localhost/agriculture/assets/img/category/', 'Active', '2017-11-22 07:38:21', '2017-11-27 06:06:14', 1, 2);

-- --------------------------------------------------------

--
-- Table structure for table `country`
--

CREATE TABLE `country` (
  `id` int(11) NOT NULL,
  `sortname` varchar(3) NOT NULL,
  `name` varchar(150) NOT NULL,
  `phonecode` int(11) NOT NULL
) ENGINE=InnoDB DEFAULT CHARSET=utf8;

--
-- Dumping data for table `country`
--

INSERT INTO `country` (`id`, `sortname`, `name`, `phonecode`) VALUES
(1, 'AF', 'Afghanistan', 93),
(2, 'AL', 'Albania', 355),
(3, 'DZ', 'Algeria', 213),
(4, 'AS', 'American Samoa', 1684),
(5, 'AD', 'Andorra', 376),
(6, 'AO', 'Angola', 244),
(7, 'AI', 'Anguilla', 1264),
(8, 'AQ', 'Antarctica', 0),
(9, 'AG', 'Antigua And Barbuda', 1268),
(10, 'AR', 'Argentina', 54),
(11, 'AM', 'Armenia', 374),
(12, 'AW', 'Aruba', 297),
(13, 'AU', 'Australia', 61),
(14, 'AT', 'Austria', 43),
(15, 'AZ', 'Azerbaijan', 994),
(16, 'BS', 'Bahamas The', 1242),
(17, 'BH', 'Bahrain', 973),
(18, 'BD', 'Bangladesh', 880),
(19, 'BB', 'Barbados', 1246),
(20, 'BY', 'Belarus', 375),
(21, 'BE', 'Belgium', 32),
(22, 'BZ', 'Belize', 501),
(23, 'BJ', 'Benin', 229),
(24, 'BM', 'Bermuda', 1441),
(25, 'BT', 'Bhutan', 975),
(26, 'BO', 'Bolivia', 591),
(27, 'BA', 'Bosnia and Herzegovina', 387),
(28, 'BW', 'Botswana', 267),
(29, 'BV', 'Bouvet Island', 0),
(30, 'BR', 'Brazil', 55),
(31, 'IO', 'British Indian Ocean Territory', 246),
(32, 'BN', 'Brunei', 673),
(33, 'BG', 'Bulgaria', 359),
(34, 'BF', 'Burkina Faso', 226),
(35, 'BI', 'Burundi', 257),
(36, 'KH', 'Cambodia', 855),
(37, 'CM', 'Cameroon', 237),
(38, 'CA', 'Canada', 1),
(39, 'CV', 'Cape Verde', 238),
(40, 'KY', 'Cayman Islands', 1345),
(41, 'CF', 'Central African Republic', 236),
(42, 'TD', 'Chad', 235),
(43, 'CL', 'Chile', 56),
(44, 'CN', 'China', 86),
(45, 'CX', 'Christmas Island', 61),
(46, 'CC', 'Cocos (Keeling) Islands', 672),
(47, 'CO', 'Colombia', 57),
(48, 'KM', 'Comoros', 269),
(49, 'CG', 'Republic Of The Congo', 242),
(50, 'CD', 'Democratic Republic Of The Congo', 242),
(51, 'CK', 'Cook Islands', 682),
(52, 'CR', 'Costa Rica', 506),
(53, 'CI', 'Cote D\'Ivoire (Ivory Coast)', 225),
(54, 'HR', 'Croatia (Hrvatska)', 385),
(55, 'CU', 'Cuba', 53),
(56, 'CY', 'Cyprus', 357),
(57, 'CZ', 'Czech Republic', 420),
(58, 'DK', 'Denmark', 45),
(59, 'DJ', 'Djibouti', 253),
(60, 'DM', 'Dominica', 1767),
(61, 'DO', 'Dominican Republic', 1809),
(62, 'TP', 'East Timor', 670),
(63, 'EC', 'Ecuador', 593),
(64, 'EG', 'Egypt', 20),
(65, 'SV', 'El Salvador', 503),
(66, 'GQ', 'Equatorial Guinea', 240),
(67, 'ER', 'Eritrea', 291),
(68, 'EE', 'Estonia', 372),
(69, 'ET', 'Ethiopia', 251),
(70, 'XA', 'External Territories of Australia', 61),
(71, 'FK', 'Falkland Islands', 500),
(72, 'FO', 'Faroe Islands', 298),
(73, 'FJ', 'Fiji Islands', 679),
(74, 'FI', 'Finland', 358),
(75, 'FR', 'France', 33),
(76, 'GF', 'French Guiana', 594),
(77, 'PF', 'French Polynesia', 689),
(78, 'TF', 'French Southern Territories', 0),
(79, 'GA', 'Gabon', 241),
(80, 'GM', 'Gambia The', 220),
(81, 'GE', 'Georgia', 995),
(82, 'DE', 'Germany', 49),
(83, 'GH', 'Ghana', 233),
(84, 'GI', 'Gibraltar', 350),
(85, 'GR', 'Greece', 30),
(86, 'GL', 'Greenland', 299),
(87, 'GD', 'Grenada', 1473),
(88, 'GP', 'Guadeloupe', 590),
(89, 'GU', 'Guam', 1671),
(90, 'GT', 'Guatemala', 502),
(91, 'XU', 'Guernsey and Alderney', 44),
(92, 'GN', 'Guinea', 224),
(93, 'GW', 'Guinea-Bissau', 245),
(94, 'GY', 'Guyana', 592),
(95, 'HT', 'Haiti', 509),
(96, 'HM', 'Heard and McDonald Islands', 0),
(97, 'HN', 'Honduras', 504),
(98, 'HK', 'Hong Kong S.A.R.', 852),
(99, 'HU', 'Hungary', 36),
(100, 'IS', 'Iceland', 354),
(101, 'IN', 'India', 91),
(102, 'ID', 'Indonesia', 62),
(103, 'IR', 'Iran', 98),
(104, 'IQ', 'Iraq', 964),
(105, 'IE', 'Ireland', 353),
(106, 'IL', 'Israel', 972),
(107, 'IT', 'Italy', 39),
(108, 'JM', 'Jamaica', 1876),
(109, 'JP', 'Japan', 81),
(110, 'XJ', 'Jersey', 44),
(111, 'JO', 'Jordan', 962),
(112, 'KZ', 'Kazakhstan', 7),
(113, 'KE', 'Kenya', 254),
(114, 'KI', 'Kiribati', 686),
(115, 'KP', 'Korea North', 850),
(116, 'KR', 'Korea South', 82),
(117, 'KW', 'Kuwait', 965),
(118, 'KG', 'Kyrgyzstan', 996),
(119, 'LA', 'Laos', 856),
(120, 'LV', 'Latvia', 371),
(121, 'LB', 'Lebanon', 961),
(122, 'LS', 'Lesotho', 266),
(123, 'LR', 'Liberia', 231),
(124, 'LY', 'Libya', 218),
(125, 'LI', 'Liechtenstein', 423),
(126, 'LT', 'Lithuania', 370),
(127, 'LU', 'Luxembourg', 352),
(128, 'MO', 'Macau S.A.R.', 853),
(129, 'MK', 'Macedonia', 389),
(130, 'MG', 'Madagascar', 261),
(131, 'MW', 'Malawi', 265),
(132, 'MY', 'Malaysia', 60),
(133, 'MV', 'Maldives', 960),
(134, 'ML', 'Mali', 223),
(135, 'MT', 'Malta', 356),
(136, 'XM', 'Man (Isle of)', 44),
(137, 'MH', 'Marshall Islands', 692),
(138, 'MQ', 'Martinique', 596),
(139, 'MR', 'Mauritania', 222),
(140, 'MU', 'Mauritius', 230),
(141, 'YT', 'Mayotte', 269),
(142, 'MX', 'Mexico', 52),
(143, 'FM', 'Micronesia', 691),
(144, 'MD', 'Moldova', 373),
(145, 'MC', 'Monaco', 377),
(146, 'MN', 'Mongolia', 976),
(147, 'MS', 'Montserrat', 1664),
(148, 'MA', 'Morocco', 212),
(149, 'MZ', 'Mozambique', 258),
(150, 'MM', 'Myanmar', 95),
(151, 'NA', 'Namibia', 264),
(152, 'NR', 'Nauru', 674),
(153, 'NP', 'Nepal', 977),
(154, 'AN', 'Netherlands Antilles', 599),
(155, 'NL', 'Netherlands The', 31),
(156, 'NC', 'New Caledonia', 687),
(157, 'NZ', 'New Zealand', 64),
(158, 'NI', 'Nicaragua', 505),
(159, 'NE', 'Niger', 227),
(160, 'NG', 'Nigeria', 234),
(161, 'NU', 'Niue', 683),
(162, 'NF', 'Norfolk Island', 672),
(163, 'MP', 'Northern Mariana Islands', 1670),
(164, 'NO', 'Norway', 47),
(165, 'OM', 'Oman', 968),
(166, 'PK', 'Pakistan', 92),
(167, 'PW', 'Palau', 680),
(168, 'PS', 'Palestinian Territory Occupied', 970),
(169, 'PA', 'Panama', 507),
(170, 'PG', 'Papua new Guinea', 675),
(171, 'PY', 'Paraguay', 595),
(172, 'PE', 'Peru', 51),
(173, 'PH', 'Philippines', 63),
(174, 'PN', 'Pitcairn Island', 0),
(175, 'PL', 'Poland', 48),
(176, 'PT', 'Portugal', 351),
(177, 'PR', 'Puerto Rico', 1787),
(178, 'QA', 'Qatar', 974),
(179, 'RE', 'Reunion', 262),
(180, 'RO', 'Romania', 40),
(181, 'RU', 'Russia', 70),
(182, 'RW', 'Rwanda', 250),
(183, 'SH', 'Saint Helena', 290),
(184, 'KN', 'Saint Kitts And Nevis', 1869),
(185, 'LC', 'Saint Lucia', 1758),
(186, 'PM', 'Saint Pierre and Miquelon', 508),
(187, 'VC', 'Saint Vincent And The Grenadines', 1784),
(188, 'WS', 'Samoa', 684),
(189, 'SM', 'San Marino', 378),
(190, 'ST', 'Sao Tome and Principe', 239),
(191, 'SA', 'Saudi Arabia', 966),
(192, 'SN', 'Senegal', 221),
(193, 'RS', 'Serbia', 381),
(194, 'SC', 'Seychelles', 248),
(195, 'SL', 'Sierra Leone', 232),
(196, 'SG', 'Singapore', 65),
(197, 'SK', 'Slovakia', 421),
(198, 'SI', 'Slovenia', 386),
(199, 'XG', 'Smaller Territories of the UK', 44),
(200, 'SB', 'Solomon Islands', 677),
(201, 'SO', 'Somalia', 252),
(202, 'ZA', 'South Africa', 27),
(203, 'GS', 'South Georgia', 0),
(204, 'SS', 'South Sudan', 211),
(205, 'ES', 'Spain', 34),
(206, 'LK', 'Sri Lanka', 94),
(207, 'SD', 'Sudan', 249),
(208, 'SR', 'Suriname', 597),
(209, 'SJ', 'Svalbard And Jan Mayen Islands', 47),
(210, 'SZ', 'Swaziland', 268),
(211, 'SE', 'Sweden', 46),
(212, 'CH', 'Switzerland', 41),
(213, 'SY', 'Syria', 963),
(214, 'TW', 'Taiwan', 886),
(215, 'TJ', 'Tajikistan', 992),
(216, 'TZ', 'Tanzania', 255),
(217, 'TH', 'Thailand', 66),
(218, 'TG', 'Togo', 228),
(219, 'TK', 'Tokelau', 690),
(220, 'TO', 'Tonga', 676),
(221, 'TT', 'Trinidad And Tobago', 1868),
(222, 'TN', 'Tunisia', 216),
(223, 'TR', 'Turkey', 90),
(224, 'TM', 'Turkmenistan', 7370),
(225, 'TC', 'Turks And Caicos Islands', 1649),
(226, 'TV', 'Tuvalu', 688),
(227, 'UG', 'Uganda', 256),
(228, 'UA', 'Ukraine', 380),
(229, 'AE', 'United Arab Emirates', 971),
(230, 'GB', 'United Kingdom', 44),
(231, 'US', 'United States', 1),
(232, 'UM', 'United States Minor Outlying Islands', 1),
(233, 'UY', 'Uruguay', 598),
(234, 'UZ', 'Uzbekistan', 998),
(235, 'VU', 'Vanuatu', 678),
(236, 'VA', 'Vatican City State (Holy See)', 39),
(237, 'VE', 'Venezuela', 58),
(238, 'VN', 'Vietnam', 84),
(239, 'VG', 'Virgin Islands (British)', 1284),
(240, 'VI', 'Virgin Islands (US)', 1340),
(241, 'WF', 'Wallis And Futuna Islands', 681),
(242, 'EH', 'Western Sahara', 212),
(243, 'YE', 'Yemen', 967),
(244, 'YU', 'Yugoslavia', 38),
(245, 'ZM', 'Zambia', 260),
(246, 'ZW', 'Zimbabwe', 263);

-- --------------------------------------------------------

--
-- Table structure for table `events`
--

CREATE TABLE `events` (
  `id` int(11) NOT NULL,
  `title` varchar(255) DEFAULT NULL,
  `location` varchar(255) NOT NULL,
  `from_date` timestamp NOT NULL DEFAULT '0000-00-00 00:00:00' ON UPDATE CURRENT_TIMESTAMP,
  `to_date` timestamp NOT NULL DEFAULT '0000-00-00 00:00:00',
  `event_image` text NOT NULL,
  `filepath` text NOT NULL,
  `description` text NOT NULL,
  `status` enum('Active','Inactive','','') NOT NULL,
  `created_id` int(11) NOT NULL,
  `updated_id` int(11) NOT NULL,
  `created_date` timestamp NOT NULL DEFAULT CURRENT_TIMESTAMP,
  `updated_date` timestamp NOT NULL DEFAULT '0000-00-00 00:00:00'
) ENGINE=InnoDB DEFAULT CHARSET=latin1;

--
-- Dumping data for table `events`
--

INSERT INTO `events` (`id`, `title`, `location`, `from_date`, `to_date`, `event_image`, `filepath`, `description`, `status`, `created_id`, `updated_id`, `created_date`, `updated_date`) VALUES
(1, 'developement vents', 'chennai', '2017-12-07 18:30:00', '2017-12-08 18:30:00', '', 'http://localhost/agriculture/assets/img/business/', 'sdrftwerwerwe', 'Active', 2, 2, '2017-11-21 05:44:12', '2017-11-21 06:28:36'),
(2, 'wrtw3rwe', 'werwer', '2017-11-22 18:30:00', '2017-11-29 18:30:00', 'download_(1).jpg', 'http://localhost/agriculture/assets/img/business/', 'werwer', 'Active', 2, 1, '2017-11-21 07:03:07', '2017-11-21 09:26:15'),
(3, 'developement vents', 'chennai', '2017-12-01 18:30:00', '2018-01-03 18:30:00', 'download.jpg', 'http://localhost/agriculture/assets/img/business/', 'uiyhiyiuyiy', 'Active', 2, 1, '2017-11-21 07:05:22', '2017-11-21 09:29:12'),
(4, 'swfgsdf', 'sdfsdf', '2017-11-21 18:30:00', '2017-11-29 18:30:00', 'download_(2).jpg', 'http://localhost/agriculture/assets/img/business/', 'sdfsdfsdfjhjghjghjghjghjghj', 'Active', 1, 2, '2017-11-21 08:16:43', '2017-11-27 02:23:07'),
(5, 'swfgsdf', 'hydrapth', '2017-11-29 18:30:00', '2017-11-30 18:30:00', 'download_(3).jpg', 'http://localhost/agriculture/assets/img/business/', 'wefwfwefghjgjhgjghj', 'Inactive', 1, 2, '2017-11-21 08:26:54', '2017-11-27 06:08:56');

-- --------------------------------------------------------

--
-- Table structure for table `plans`
--

CREATE TABLE `plans` (
  `id` int(11) NOT NULL,
  `name` varchar(255) NOT NULL,
  `amount` varchar(255) NOT NULL,
  `description` text NOT NULL,
  `created_date` timestamp NOT NULL DEFAULT CURRENT_TIMESTAMP,
  `updated_date` timestamp NOT NULL DEFAULT '0000-00-00 00:00:00',
  `created_id` int(11) NOT NULL,
  `updated_id` int(11) NOT NULL
) ENGINE=InnoDB DEFAULT CHARSET=latin1;

--
-- Dumping data for table `plans`
--

INSERT INTO `plans` (`id`, `name`, `amount`, `description`, `created_date`, `updated_date`, `created_id`, `updated_id`) VALUES
(2, 'nandhakumar', '589', 'hbjvhjfgvjhgh', '2017-11-18 00:07:40', '2017-11-17 08:56:59', 2, 1),
(4, 'vasudevan', '45', 'jsgdhkjhs', '2017-11-18 00:08:12', '2017-11-18 00:07:16', 1, 1),
(5, 'srinivasan', '45', 'jsgdhkjhs', '2017-11-18 00:08:01', '2017-11-18 00:07:19', 1, 1),
(6, 'rajasekar', '78', 'jsgdhkjhs', '2017-11-19 23:59:33', '2017-11-18 00:07:21', 1, 2),
(7, 'ramkumar', '68', 'jsgdhkjhs', '2017-11-19 23:59:23', '2017-11-18 00:07:24', 1, 2),
(9, 'tutorjoesh', '58', 'jsgdhkjhs', '2017-11-19 23:59:17', '2017-11-18 00:07:29', 1, 2);

-- --------------------------------------------------------

--
-- Table structure for table `role`
--

CREATE TABLE `role` (
  `id` int(11) NOT NULL,
  `role` varchar(150) NOT NULL
) ENGINE=InnoDB DEFAULT CHARSET=latin1;

--
-- Dumping data for table `role`
--

INSERT INTO `role` (`id`, `role`) VALUES
(1, 'superadmin'),
(2, 'admin');

-- --------------------------------------------------------

--
-- Table structure for table `seller`
--

CREATE TABLE `seller` (
  `id` int(12) NOT NULL,
  `email` varchar(255) DEFAULT NULL,
  `password` varchar(232) NOT NULL,
  `first_name` varchar(258) NOT NULL,
  `last_name` varchar(258) DEFAULT NULL,
  `address` varchar(258) DEFAULT NULL,
  `address2` varchar(258) DEFAULT NULL,
  `city` varchar(58) DEFAULT NULL,
  `country_id` int(3) DEFAULT NULL,
  `state_id` int(6) DEFAULT NULL,
  `zip` varchar(20) NOT NULL,
  `phone` varchar(50) DEFAULT NULL,
  `status` enum('Active','Suspended') DEFAULT 'Active',
  `created_on` datetime NOT NULL,
  `modified_on` datetime DEFAULT NULL
) ENGINE=InnoDB DEFAULT CHARSET=utf8;

--
-- Dumping data for table `seller`
--

INSERT INTO `seller` (`id`, `email`, `password`, `first_name`, `last_name`, `address`, `address2`, `city`, `country_id`, `state_id`, `zip`, `phone`, `status`, `created_on`, `modified_on`) VALUES
(0, 'mahe@gmail.com', 'mahendran', 'kjghkj', 'sjds', 'kjlsdskjhsdkjfhdsf', 'vellithiruppur', 'dfsfdsfsfs', 12, 334, '654465', '5649874651', 'Active', '2017-11-27 07:22:31', NULL);

-- --------------------------------------------------------

--
-- Table structure for table `seller_image`
--

CREATE TABLE `seller_image` (
  `id` int(3) NOT NULL,
  `seller_id` int(3) NOT NULL,
  `image_name` varchar(255) NOT NULL,
  `status` enum('Active','Suspended') DEFAULT 'Active',
  `created_on` datetime DEFAULT NULL,
  `modified_on` datetime DEFAULT NULL
) ENGINE=InnoDB DEFAULT CHARSET=utf8;

--
-- Dumping data for table `seller_image`
--

INSERT INTO `seller_image` (`id`, `seller_id`, `image_name`, `status`, `created_on`, `modified_on`) VALUES
(0, 0, 'download (1).jpg', 'Active', '2017-11-27 07:32:14', NULL),
(0, 0, 'download (2).jpg', 'Active', '2017-11-27 07:32:14', NULL),
(0, 0, 'download (3).jpg', 'Active', '2017-11-27 07:32:14', NULL),
(0, 0, 'download.jpg', 'Active', '2017-11-27 15:01:22', NULL),
(0, 0, 'agriculture.sql', 'Active', '2017-11-27 15:01:22', NULL),
(0, 0, 'download (2).jpg', 'Active', '2017-11-27 15:01:23', NULL),
(0, 0, 'download (3).jpg', 'Active', '2017-11-27 15:01:23', NULL);

-- --------------------------------------------------------

--
-- Table structure for table `states`
--

CREATE TABLE `states` (
  `id` int(11) NOT NULL,
  `name` varchar(30) NOT NULL,
  `country_id` int(11) NOT NULL DEFAULT '1'
) ENGINE=InnoDB DEFAULT CHARSET=latin1;

--
-- Dumping data for table `states`
--

INSERT INTO `states` (`id`, `name`, `country_id`) VALUES
(1, 'Andaman and Nicobar Islands', 101),
(2, 'Andhra Pradesh', 101),
(3, 'Arunachal Pradesh', 101),
(4, 'Assam', 101),
(5, 'Bihar', 101),
(6, 'Chandigarh', 101),
(7, 'Chhattisgarh', 101),
(8, 'Dadra and Nagar Haveli', 101),
(9, 'Daman and Diu', 101),
(10, 'Delhi', 101),
(11, 'Goa', 101),
(12, 'Gujarat', 101),
(13, 'Haryana', 101),
(14, 'Himachal Pradesh', 101),
(15, 'Jammu and Kashmir', 101),
(16, 'Jharkhand', 101),
(17, 'Karnataka', 101),
(18, 'Kenmore', 101),
(19, 'Kerala', 101),
(20, 'Lakshadweep', 101),
(21, 'Madhya Pradesh', 101),
(22, 'Maharashtra', 101),
(23, 'Manipur', 101),
(24, 'Meghalaya', 101),
(25, 'Mizoram', 101),
(26, 'Nagaland', 101),
(27, 'Narora', 101),
(28, 'Natwar', 101),
(29, 'Odisha', 101),
(30, 'Paschim Medinipur', 101),
(31, 'Pondicherry', 101),
(32, 'Punjab', 101),
(33, 'Rajasthan', 101),
(34, 'Sikkim', 101),
(35, 'Tamil Nadu', 101),
(36, 'Telangana', 101),
(37, 'Tripura', 101),
(38, 'Uttar Pradesh', 101),
(39, 'Uttarakhand', 101),
(40, 'Vaishali', 101),
(41, 'West Bengal', 101),
(42, 'Badakhshan', 1),
(43, 'Badgis', 1),
(44, 'Baglan', 1),
(45, 'Balkh', 1),
(46, 'Bamiyan', 1),
(47, 'Farah', 1),
(48, 'Faryab', 1),
(49, 'Gawr', 1),
(50, 'Gazni', 1),
(51, 'Herat', 1),
(52, 'Hilmand', 1),
(53, 'Jawzjan', 1),
(54, 'Kabul', 1),
(55, 'Kapisa', 1),
(56, 'Khawst', 1),
(57, 'Kunar', 1),
(58, 'Lagman', 1),
(59, 'Lawghar', 1),
(60, 'Nangarhar', 1),
(61, 'Nimruz', 1),
(62, 'Nuristan', 1),
(63, 'Paktika', 1),
(64, 'Paktiya', 1),
(65, 'Parwan', 1),
(66, 'Qandahar', 1),
(67, 'Qunduz', 1),
(68, 'Samangan', 1),
(69, 'Sar-e Pul', 1),
(70, 'Takhar', 1),
(71, 'Uruzgan', 1),
(72, 'Wardag', 1),
(73, 'Zabul', 1),
(74, 'Berat', 2),
(75, 'Bulqize', 2),
(76, 'Delvine', 2),
(77, 'Devoll', 2),
(78, 'Dibre', 2),
(79, 'Durres', 2),
(80, 'Elbasan', 2),
(81, 'Fier', 2),
(82, 'Gjirokaster', 2),
(83, 'Gramsh', 2),
(84, 'Has', 2),
(85, 'Kavaje', 2),
(86, 'Kolonje', 2),
(87, 'Korce', 2),
(88, 'Kruje', 2),
(89, 'Kucove', 2),
(90, 'Kukes', 2),
(91, 'Kurbin', 2),
(92, 'Lezhe', 2),
(93, 'Librazhd', 2),
(94, 'Lushnje', 2),
(95, 'Mallakaster', 2),
(96, 'Malsi e Madhe', 2),
(97, 'Mat', 2),
(98, 'Mirdite', 2),
(99, 'Peqin', 2),
(100, 'Permet', 2),
(101, 'Pogradec', 2),
(102, 'Puke', 2),
(103, 'Sarande', 2),
(104, 'Shkoder', 2),
(105, 'Skrapar', 2),
(106, 'Tepelene', 2),
(107, 'Tirane', 2),
(108, 'Tropoje', 2),
(109, 'Vlore', 2),
(110, '\'Ayn Daflah', 3),
(111, '\'Ayn Tamushanat', 3),
(112, 'Adrar', 3),
(113, 'Algiers', 3),
(114, 'Annabah', 3),
(115, 'Bashshar', 3),
(116, 'Batnah', 3),
(117, 'Bijayah', 3),
(118, 'Biskrah', 3),
(119, 'Blidah', 3),
(120, 'Buirah', 3),
(121, 'Bumardas', 3),
(122, 'Burj Bu Arririj', 3),
(123, 'Ghalizan', 3),
(124, 'Ghardayah', 3),
(125, 'Ilizi', 3),
(126, 'Jijili', 3),
(127, 'Jilfah', 3),
(128, 'Khanshalah', 3),
(129, 'Masilah', 3),
(130, 'Midyah', 3),
(131, 'Milah', 3),
(132, 'Muaskar', 3),
(133, 'Mustaghanam', 3),
(134, 'Naama', 3),
(135, 'Oran', 3),
(136, 'Ouargla', 3),
(137, 'Qalmah', 3),
(138, 'Qustantinah', 3),
(139, 'Sakikdah', 3),
(140, 'Satif', 3),
(141, 'Sayda\'', 3),
(142, 'Sidi ban-al-\'Abbas', 3),
(143, 'Suq Ahras', 3),
(144, 'Tamanghasat', 3),
(145, 'Tibazah', 3),
(146, 'Tibissah', 3),
(147, 'Tilimsan', 3),
(148, 'Tinduf', 3),
(149, 'Tisamsilt', 3),
(150, 'Tiyarat', 3),
(151, 'Tizi Wazu', 3),
(152, 'Umm-al-Bawaghi', 3),
(153, 'Wahran', 3),
(154, 'Warqla', 3),
(155, 'Wilaya d Alger', 3),
(156, 'Wilaya de Bejaia', 3),
(157, 'Wilaya de Constantine', 3),
(158, 'al-Aghwat', 3),
(159, 'al-Bayadh', 3),
(160, 'al-Jaza\'ir', 3),
(161, 'al-Wad', 3),
(162, 'ash-Shalif', 3),
(163, 'at-Tarif', 3),
(164, 'Eastern', 4),
(165, 'Manu\'a', 4),
(166, 'Swains Island', 4),
(167, 'Western', 4),
(168, 'Andorra la Vella', 5),
(169, 'Canillo', 5),
(170, 'Encamp', 5),
(171, 'La Massana', 5),
(172, 'Les Escaldes', 5),
(173, 'Ordino', 5),
(174, 'Sant Julia de Loria', 5),
(175, 'Bengo', 6),
(176, 'Benguela', 6),
(177, 'Bie', 6),
(178, 'Cabinda', 6),
(179, 'Cunene', 6),
(180, 'Huambo', 6),
(181, 'Huila', 6),
(182, 'Kuando-Kubango', 6),
(183, 'Kwanza Norte', 6),
(184, 'Kwanza Sul', 6),
(185, 'Luanda', 6),
(186, 'Lunda Norte', 6),
(187, 'Lunda Sul', 6),
(188, 'Malanje', 6),
(189, 'Moxico', 6),
(190, 'Namibe', 6),
(191, 'Uige', 6),
(192, 'Zaire', 6),
(193, 'Other Provinces', 7),
(194, 'Sector claimed by Argentina/Ch', 8),
(195, 'Sector claimed by Argentina/UK', 8),
(196, 'Sector claimed by Australia', 8),
(197, 'Sector claimed by France', 8),
(198, 'Sector claimed by New Zealand', 8),
(199, 'Sector claimed by Norway', 8),
(200, 'Unclaimed Sector', 8),
(201, 'Barbuda', 9),
(202, 'Saint George', 9),
(203, 'Saint John', 9),
(204, 'Saint Mary', 9),
(205, 'Saint Paul', 9),
(206, 'Saint Peter', 9),
(207, 'Saint Philip', 9),
(208, 'Buenos Aires', 10),
(209, 'Catamarca', 10),
(210, 'Chaco', 10),
(211, 'Chubut', 10),
(212, 'Cordoba', 10),
(213, 'Corrientes', 10),
(214, 'Distrito Federal', 10),
(215, 'Entre Rios', 10),
(216, 'Formosa', 10),
(217, 'Jujuy', 10),
(218, 'La Pampa', 10),
(219, 'La Rioja', 10),
(220, 'Mendoza', 10),
(221, 'Misiones', 10),
(222, 'Neuquen', 10),
(223, 'Rio Negro', 10),
(224, 'Salta', 10),
(225, 'San Juan', 10),
(226, 'San Luis', 10),
(227, 'Santa Cruz', 10),
(228, 'Santa Fe', 10),
(229, 'Santiago del Estero', 10),
(230, 'Tierra del Fuego', 10),
(231, 'Tucuman', 10),
(232, 'Aragatsotn', 11),
(233, 'Ararat', 11),
(234, 'Armavir', 11),
(235, 'Gegharkunik', 11),
(236, 'Kotaik', 11),
(237, 'Lori', 11),
(238, 'Shirak', 11),
(239, 'Stepanakert', 11),
(240, 'Syunik', 11),
(241, 'Tavush', 11),
(242, 'Vayots Dzor', 11),
(243, 'Yerevan', 11),
(244, 'Aruba', 12),
(245, 'Auckland', 13),
(246, 'Australian Capital Territory', 13),
(247, 'Balgowlah', 13),
(248, 'Balmain', 13),
(249, 'Bankstown', 13),
(250, 'Baulkham Hills', 13),
(251, 'Bonnet Bay', 13),
(252, 'Camberwell', 13),
(253, 'Carole Park', 13),
(254, 'Castle Hill', 13),
(255, 'Caulfield', 13),
(256, 'Chatswood', 13),
(257, 'Cheltenham', 13),
(258, 'Cherrybrook', 13),
(259, 'Clayton', 13),
(260, 'Collingwood', 13),
(261, 'Frenchs Forest', 13),
(262, 'Hawthorn', 13),
(263, 'Jannnali', 13),
(264, 'Knoxfield', 13),
(265, 'Melbourne', 13),
(266, 'New South Wales', 13),
(267, 'Northern Territory', 13),
(268, 'Perth', 13),
(269, 'Queensland', 13),
(270, 'South Australia', 13),
(271, 'Tasmania', 13),
(272, 'Templestowe', 13),
(273, 'Victoria', 13),
(274, 'Werribee south', 13),
(275, 'Western Australia', 13),
(276, 'Wheeler', 13),
(277, 'Bundesland Salzburg', 14),
(278, 'Bundesland Steiermark', 14),
(279, 'Bundesland Tirol', 14),
(280, 'Burgenland', 14),
(281, 'Carinthia', 14),
(282, 'Karnten', 14),
(283, 'Liezen', 14),
(284, 'Lower Austria', 14),
(285, 'Niederosterreich', 14),
(286, 'Oberosterreich', 14),
(287, 'Salzburg', 14),
(288, 'Schleswig-Holstein', 14),
(289, 'Steiermark', 14),
(290, 'Styria', 14),
(291, 'Tirol', 14),
(292, 'Upper Austria', 14),
(293, 'Vorarlberg', 14),
(294, 'Wien', 14),
(295, 'Abseron', 15),
(296, 'Baki Sahari', 15),
(297, 'Ganca', 15),
(298, 'Ganja', 15),
(299, 'Kalbacar', 15),
(300, 'Lankaran', 15),
(301, 'Mil-Qarabax', 15),
(302, 'Mugan-Salyan', 15),
(303, 'Nagorni-Qarabax', 15),
(304, 'Naxcivan', 15),
(305, 'Priaraks', 15),
(306, 'Qazax', 15),
(307, 'Saki', 15),
(308, 'Sirvan', 15),
(309, 'Xacmaz', 15),
(310, 'Abaco', 16),
(311, 'Acklins Island', 16),
(312, 'Andros', 16),
(313, 'Berry Islands', 16),
(314, 'Biminis', 16),
(315, 'Cat Island', 16),
(316, 'Crooked Island', 16),
(317, 'Eleuthera', 16),
(318, 'Exuma and Cays', 16),
(319, 'Grand Bahama', 16),
(320, 'Inagua Islands', 16),
(321, 'Long Island', 16),
(322, 'Mayaguana', 16),
(323, 'New Providence', 16),
(324, 'Ragged Island', 16),
(325, 'Rum Cay', 16),
(326, 'San Salvador', 16),
(327, '\'Isa', 17),
(328, 'Badiyah', 17),
(329, 'Hidd', 17),
(330, 'Jidd Hafs', 17),
(331, 'Mahama', 17),
(332, 'Manama', 17),
(333, 'Sitrah', 17),
(334, 'al-Manamah', 17),
(335, 'al-Muharraq', 17),
(336, 'ar-Rifa\'a', 17),
(337, 'Bagar Hat', 18),
(338, 'Bandarban', 18),
(339, 'Barguna', 18),
(340, 'Barisal', 18),
(341, 'Bhola', 18),
(342, 'Bogora', 18),
(343, 'Brahman Bariya', 18),
(344, 'Chandpur', 18),
(345, 'Chattagam', 18),
(346, 'Chittagong Division', 18),
(347, 'Chuadanga', 18),
(348, 'Dhaka', 18),
(349, 'Dinajpur', 18),
(350, 'Faridpur', 18),
(351, 'Feni', 18),
(352, 'Gaybanda', 18),
(353, 'Gazipur', 18),
(354, 'Gopalganj', 18),
(355, 'Habiganj', 18),
(356, 'Jaipur Hat', 18),
(357, 'Jamalpur', 18),
(358, 'Jessor', 18),
(359, 'Jhalakati', 18),
(360, 'Jhanaydah', 18),
(361, 'Khagrachhari', 18),
(362, 'Khulna', 18),
(363, 'Kishorganj', 18),
(364, 'Koks Bazar', 18),
(365, 'Komilla', 18),
(366, 'Kurigram', 18),
(367, 'Kushtiya', 18),
(368, 'Lakshmipur', 18),
(369, 'Lalmanir Hat', 18),
(370, 'Madaripur', 18),
(371, 'Magura', 18),
(372, 'Maimansingh', 18),
(373, 'Manikganj', 18),
(374, 'Maulvi Bazar', 18),
(375, 'Meherpur', 18),
(376, 'Munshiganj', 18),
(377, 'Naral', 18),
(378, 'Narayanganj', 18),
(379, 'Narsingdi', 18),
(380, 'Nator', 18),
(381, 'Naugaon', 18),
(382, 'Nawabganj', 18),
(383, 'Netrakona', 18),
(384, 'Nilphamari', 18),
(385, 'Noakhali', 18),
(386, 'Pabna', 18),
(387, 'Panchagarh', 18),
(388, 'Patuakhali', 18),
(389, 'Pirojpur', 18),
(390, 'Rajbari', 18),
(391, 'Rajshahi', 18),
(392, 'Rangamati', 18),
(393, 'Rangpur', 18),
(394, 'Satkhira', 18),
(395, 'Shariatpur', 18),
(396, 'Sherpur', 18),
(397, 'Silhat', 18),
(398, 'Sirajganj', 18),
(399, 'Sunamganj', 18),
(400, 'Tangayal', 18),
(401, 'Thakurgaon', 18),
(402, 'Christ Church', 19),
(403, 'Saint Andrew', 19),
(404, 'Saint George', 19),
(405, 'Saint James', 19),
(406, 'Saint John', 19),
(407, 'Saint Joseph', 19),
(408, 'Saint Lucy', 19),
(409, 'Saint Michael', 19),
(410, 'Saint Peter', 19),
(411, 'Saint Philip', 19),
(412, 'Saint Thomas', 19),
(413, 'Brest', 20),
(414, 'Homjel\'', 20),
(415, 'Hrodna', 20),
(416, 'Mahiljow', 20),
(417, 'Mahilyowskaya Voblasts', 20),
(418, 'Minsk', 20),
(419, 'Minskaja Voblasts\'', 20),
(420, 'Petrik', 20),
(421, 'Vicebsk', 20),
(422, 'Antwerpen', 21),
(423, 'Berchem', 21),
(424, 'Brabant', 21),
(425, 'Brabant Wallon', 21),
(426, 'Brussel', 21),
(427, 'East Flanders', 21),
(428, 'Hainaut', 21),
(429, 'Liege', 21),
(430, 'Limburg', 21),
(431, 'Luxembourg', 21),
(432, 'Namur', 21),
(433, 'Ontario', 21),
(434, 'Oost-Vlaanderen', 21),
(435, 'Provincie Brabant', 21),
(436, 'Vlaams-Brabant', 21),
(437, 'Wallonne', 21),
(438, 'West-Vlaanderen', 21),
(439, 'Belize', 22),
(440, 'Cayo', 22),
(441, 'Corozal', 22),
(442, 'Orange Walk', 22),
(443, 'Stann Creek', 22),
(444, 'Toledo', 22),
(445, 'Alibori', 23),
(446, 'Atacora', 23),
(447, 'Atlantique', 23),
(448, 'Borgou', 23),
(449, 'Collines', 23),
(450, 'Couffo', 23),
(451, 'Donga', 23),
(452, 'Littoral', 23),
(453, 'Mono', 23),
(454, 'Oueme', 23),
(455, 'Plateau', 23),
(456, 'Zou', 23),
(457, 'Hamilton', 24),
(458, 'Saint George', 24),
(459, 'Bumthang', 25),
(460, 'Chhukha', 25),
(461, 'Chirang', 25),
(462, 'Daga', 25),
(463, 'Geylegphug', 25),
(464, 'Ha', 25),
(465, 'Lhuntshi', 25),
(466, 'Mongar', 25),
(467, 'Pemagatsel', 25),
(468, 'Punakha', 25),
(469, 'Rinpung', 25),
(470, 'Samchi', 25),
(471, 'Samdrup Jongkhar', 25),
(472, 'Shemgang', 25),
(473, 'Tashigang', 25),
(474, 'Timphu', 25),
(475, 'Tongsa', 25),
(476, 'Wangdiphodrang', 25),
(477, 'Beni', 26),
(478, 'Chuquisaca', 26),
(479, 'Cochabamba', 26),
(480, 'La Paz', 26),
(481, 'Oruro', 26),
(482, 'Pando', 26),
(483, 'Potosi', 26),
(484, 'Santa Cruz', 26),
(485, 'Tarija', 26),
(486, 'Federacija Bosna i Hercegovina', 27),
(487, 'Republika Srpska', 27),
(488, 'Central Bobonong', 28),
(489, 'Central Boteti', 28),
(490, 'Central Mahalapye', 28),
(491, 'Central Serowe-Palapye', 28),
(492, 'Central Tutume', 28),
(493, 'Chobe', 28),
(494, 'Francistown', 28),
(495, 'Gaborone', 28),
(496, 'Ghanzi', 28),
(497, 'Jwaneng', 28),
(498, 'Kgalagadi North', 28),
(499, 'Kgalagadi South', 28),
(500, 'Kgatleng', 28),
(501, 'Kweneng', 28),
(502, 'Lobatse', 28),
(503, 'Ngamiland', 28),
(504, 'Ngwaketse', 28),
(505, 'North East', 28),
(506, 'Okavango', 28),
(507, 'Orapa', 28),
(508, 'Selibe Phikwe', 28),
(509, 'South East', 28),
(510, 'Sowa', 28),
(511, 'Bouvet Island', 29),
(512, 'Acre', 30),
(513, 'Alagoas', 30),
(514, 'Amapa', 30),
(515, 'Amazonas', 30),
(516, 'Bahia', 30),
(517, 'Ceara', 30),
(518, 'Distrito Federal', 30),
(519, 'Espirito Santo', 30),
(520, 'Estado de Sao Paulo', 30),
(521, 'Goias', 30),
(522, 'Maranhao', 30),
(523, 'Mato Grosso', 30),
(524, 'Mato Grosso do Sul', 30),
(525, 'Minas Gerais', 30),
(526, 'Para', 30),
(527, 'Paraiba', 30),
(528, 'Parana', 30),
(529, 'Pernambuco', 30),
(530, 'Piaui', 30),
(531, 'Rio Grande do Norte', 30),
(532, 'Rio Grande do Sul', 30),
(533, 'Rio de Janeiro', 30),
(534, 'Rondonia', 30),
(535, 'Roraima', 30),
(536, 'Santa Catarina', 30),
(537, 'Sao Paulo', 30),
(538, 'Sergipe', 30),
(539, 'Tocantins', 30),
(540, 'British Indian Ocean Territory', 31),
(541, 'Belait', 32),
(542, 'Brunei-Muara', 32),
(543, 'Temburong', 32),
(544, 'Tutong', 32),
(545, 'Blagoevgrad', 33),
(546, 'Burgas', 33),
(547, 'Dobrich', 33),
(548, 'Gabrovo', 33),
(549, 'Haskovo', 33),
(550, 'Jambol', 33),
(551, 'Kardzhali', 33),
(552, 'Kjustendil', 33),
(553, 'Lovech', 33),
(554, 'Montana', 33),
(555, 'Oblast Sofiya-Grad', 33),
(556, 'Pazardzhik', 33),
(557, 'Pernik', 33),
(558, 'Pleven', 33),
(559, 'Plovdiv', 33),
(560, 'Razgrad', 33),
(561, 'Ruse', 33),
(562, 'Shumen', 33),
(563, 'Silistra', 33),
(564, 'Sliven', 33),
(565, 'Smoljan', 33),
(566, 'Sofija grad', 33),
(567, 'Sofijska oblast', 33),
(568, 'Stara Zagora', 33),
(569, 'Targovishte', 33),
(570, 'Varna', 33),
(571, 'Veliko Tarnovo', 33),
(572, 'Vidin', 33),
(573, 'Vraca', 33),
(574, 'Yablaniza', 33),
(575, 'Bale', 34),
(576, 'Bam', 34),
(577, 'Bazega', 34),
(578, 'Bougouriba', 34),
(579, 'Boulgou', 34),
(580, 'Boulkiemde', 34),
(581, 'Comoe', 34),
(582, 'Ganzourgou', 34),
(583, 'Gnagna', 34),
(584, 'Gourma', 34),
(585, 'Houet', 34),
(586, 'Ioba', 34),
(587, 'Kadiogo', 34),
(588, 'Kenedougou', 34),
(589, 'Komandjari', 34),
(590, 'Kompienga', 34),
(591, 'Kossi', 34),
(592, 'Kouritenga', 34),
(593, 'Kourweogo', 34),
(594, 'Leraba', 34),
(595, 'Mouhoun', 34),
(596, 'Nahouri', 34),
(597, 'Namentenga', 34),
(598, 'Noumbiel', 34),
(599, 'Oubritenga', 34),
(600, 'Oudalan', 34),
(601, 'Passore', 34),
(602, 'Poni', 34),
(603, 'Sanguie', 34),
(604, 'Sanmatenga', 34),
(605, 'Seno', 34),
(606, 'Sissili', 34),
(607, 'Soum', 34),
(608, 'Sourou', 34),
(609, 'Tapoa', 34),
(610, 'Tuy', 34),
(611, 'Yatenga', 34),
(612, 'Zondoma', 34),
(613, 'Zoundweogo', 34),
(614, 'Bubanza', 35),
(615, 'Bujumbura', 35),
(616, 'Bururi', 35),
(617, 'Cankuzo', 35),
(618, 'Cibitoke', 35),
(619, 'Gitega', 35),
(620, 'Karuzi', 35),
(621, 'Kayanza', 35),
(622, 'Kirundo', 35),
(623, 'Makamba', 35),
(624, 'Muramvya', 35),
(625, 'Muyinga', 35),
(626, 'Ngozi', 35),
(627, 'Rutana', 35),
(628, 'Ruyigi', 35),
(629, 'Banteay Mean Chey', 36),
(630, 'Bat Dambang', 36),
(631, 'Kampong Cham', 36),
(632, 'Kampong Chhnang', 36),
(633, 'Kampong Spoeu', 36),
(634, 'Kampong Thum', 36),
(635, 'Kampot', 36),
(636, 'Kandal', 36),
(637, 'Kaoh Kong', 36),
(638, 'Kracheh', 36),
(639, 'Krong Kaeb', 36),
(640, 'Krong Pailin', 36),
(641, 'Krong Preah Sihanouk', 36),
(642, 'Mondol Kiri', 36),
(643, 'Otdar Mean Chey', 36),
(644, 'Phnum Penh', 36),
(645, 'Pousat', 36),
(646, 'Preah Vihear', 36),
(647, 'Prey Veaeng', 36),
(648, 'Rotanak Kiri', 36),
(649, 'Siem Reab', 36),
(650, 'Stueng Traeng', 36),
(651, 'Svay Rieng', 36),
(652, 'Takaev', 36),
(653, 'Adamaoua', 37),
(654, 'Centre', 37),
(655, 'Est', 37),
(656, 'Littoral', 37),
(657, 'Nord', 37),
(658, 'Nord Extreme', 37),
(659, 'Nordouest', 37),
(660, 'Ouest', 37),
(661, 'Sud', 37),
(662, 'Sudouest', 37),
(663, 'Alberta', 38),
(664, 'British Columbia', 38),
(665, 'Manitoba', 38),
(666, 'New Brunswick', 38),
(667, 'Newfoundland and Labrador', 38),
(668, 'Northwest Territories', 38),
(669, 'Nova Scotia', 38),
(670, 'Nunavut', 38),
(671, 'Ontario', 38),
(672, 'Prince Edward Island', 38),
(673, 'Quebec', 38),
(674, 'Saskatchewan', 38),
(675, 'Yukon', 38),
(676, 'Boavista', 39),
(677, 'Brava', 39),
(678, 'Fogo', 39),
(679, 'Maio', 39),
(680, 'Sal', 39),
(681, 'Santo Antao', 39),
(682, 'Sao Nicolau', 39),
(683, 'Sao Tiago', 39),
(684, 'Sao Vicente', 39),
(685, 'Grand Cayman', 40),
(686, 'Bamingui-Bangoran', 41),
(687, 'Bangui', 41),
(688, 'Basse-Kotto', 41),
(689, 'Haut-Mbomou', 41),
(690, 'Haute-Kotto', 41),
(691, 'Kemo', 41),
(692, 'Lobaye', 41),
(693, 'Mambere-Kadei', 41),
(694, 'Mbomou', 41),
(695, 'Nana-Gribizi', 41),
(696, 'Nana-Mambere', 41),
(697, 'Ombella Mpoko', 41),
(698, 'Ouaka', 41),
(699, 'Ouham', 41),
(700, 'Ouham-Pende', 41),
(701, 'Sangha-Mbaere', 41),
(702, 'Vakaga', 41),
(703, 'Batha', 42),
(704, 'Biltine', 42),
(705, 'Bourkou-Ennedi-Tibesti', 42),
(706, 'Chari-Baguirmi', 42),
(707, 'Guera', 42),
(708, 'Kanem', 42),
(709, 'Lac', 42),
(710, 'Logone Occidental', 42),
(711, 'Logone Oriental', 42),
(712, 'Mayo-Kebbi', 42),
(713, 'Moyen-Chari', 42),
(714, 'Ouaddai', 42),
(715, 'Salamat', 42),
(716, 'Tandjile', 42),
(717, 'Aisen', 43),
(718, 'Antofagasta', 43),
(719, 'Araucania', 43),
(720, 'Atacama', 43),
(721, 'Bio Bio', 43),
(722, 'Coquimbo', 43),
(723, 'Libertador General Bernardo O\'', 43),
(724, 'Los Lagos', 43),
(725, 'Magellanes', 43),
(726, 'Maule', 43),
(727, 'Metropolitana', 43),
(728, 'Metropolitana de Santiago', 43),
(729, 'Tarapaca', 43),
(730, 'Valparaiso', 43),
(731, 'Anhui', 44),
(732, 'Anhui Province', 44),
(733, 'Anhui Sheng', 44),
(734, 'Aomen', 44),
(735, 'Beijing', 44),
(736, 'Beijing Shi', 44),
(737, 'Chongqing', 44),
(738, 'Fujian', 44),
(739, 'Fujian Sheng', 44),
(740, 'Gansu', 44),
(741, 'Guangdong', 44),
(742, 'Guangdong Sheng', 44),
(743, 'Guangxi', 44),
(744, 'Guizhou', 44),
(745, 'Hainan', 44),
(746, 'Hebei', 44),
(747, 'Heilongjiang', 44),
(748, 'Henan', 44),
(749, 'Hubei', 44),
(750, 'Hunan', 44),
(751, 'Jiangsu', 44),
(752, 'Jiangsu Sheng', 44),
(753, 'Jiangxi', 44),
(754, 'Jilin', 44),
(755, 'Liaoning', 44),
(756, 'Liaoning Sheng', 44),
(757, 'Nei Monggol', 44),
(758, 'Ningxia Hui', 44),
(759, 'Qinghai', 44),
(760, 'Shaanxi', 44),
(761, 'Shandong', 44),
(762, 'Shandong Sheng', 44),
(763, 'Shanghai', 44),
(764, 'Shanxi', 44),
(765, 'Sichuan', 44),
(766, 'Tianjin', 44),
(767, 'Xianggang', 44),
(768, 'Xinjiang', 44),
(769, 'Xizang', 44),
(770, 'Yunnan', 44),
(771, 'Zhejiang', 44),
(772, 'Zhejiang Sheng', 44),
(773, 'Christmas Island', 45),
(774, 'Cocos (Keeling) Islands', 46),
(775, 'Amazonas', 47),
(776, 'Antioquia', 47),
(777, 'Arauca', 47),
(778, 'Atlantico', 47),
(779, 'Bogota', 47),
(780, 'Bolivar', 47),
(781, 'Boyaca', 47),
(782, 'Caldas', 47),
(783, 'Caqueta', 47),
(784, 'Casanare', 47),
(785, 'Cauca', 47),
(786, 'Cesar', 47),
(787, 'Choco', 47),
(788, 'Cordoba', 47),
(789, 'Cundinamarca', 47),
(790, 'Guainia', 47),
(791, 'Guaviare', 47),
(792, 'Huila', 47),
(793, 'La Guajira', 47),
(794, 'Magdalena', 47),
(795, 'Meta', 47),
(796, 'Narino', 47),
(797, 'Norte de Santander', 47),
(798, 'Putumayo', 47),
(799, 'Quindio', 47),
(800, 'Risaralda', 47),
(801, 'San Andres y Providencia', 47),
(802, 'Santander', 47),
(803, 'Sucre', 47),
(804, 'Tolima', 47),
(805, 'Valle del Cauca', 47),
(806, 'Vaupes', 47),
(807, 'Vichada', 47),
(808, 'Mwali', 48),
(809, 'Njazidja', 48),
(810, 'Nzwani', 48),
(811, 'Bouenza', 49),
(812, 'Brazzaville', 49),
(813, 'Cuvette', 49),
(814, 'Kouilou', 49),
(815, 'Lekoumou', 49),
(816, 'Likouala', 49),
(817, 'Niari', 49),
(818, 'Plateaux', 49),
(819, 'Pool', 49),
(820, 'Sangha', 49),
(821, 'Bandundu', 50),
(822, 'Bas-Congo', 50),
(823, 'Equateur', 50),
(824, 'Haut-Congo', 50),
(825, 'Kasai-Occidental', 50),
(826, 'Kasai-Oriental', 50),
(827, 'Katanga', 50),
(828, 'Kinshasa', 50),
(829, 'Maniema', 50),
(830, 'Nord-Kivu', 50),
(831, 'Sud-Kivu', 50),
(832, 'Aitutaki', 51),
(833, 'Atiu', 51),
(834, 'Mangaia', 51),
(835, 'Manihiki', 51),
(836, 'Mauke', 51),
(837, 'Mitiaro', 51),
(838, 'Nassau', 51),
(839, 'Pukapuka', 51),
(840, 'Rakahanga', 51),
(841, 'Rarotonga', 51),
(842, 'Tongareva', 51),
(843, 'Alajuela', 52),
(844, 'Cartago', 52),
(845, 'Guanacaste', 52),
(846, 'Heredia', 52),
(847, 'Limon', 52),
(848, 'Puntarenas', 52),
(849, 'San Jose', 52),
(850, 'Abidjan', 53),
(851, 'Agneby', 53),
(852, 'Bafing', 53),
(853, 'Denguele', 53),
(854, 'Dix-huit Montagnes', 53),
(855, 'Fromager', 53),
(856, 'Haut-Sassandra', 53),
(857, 'Lacs', 53),
(858, 'Lagunes', 53),
(859, 'Marahoue', 53),
(860, 'Moyen-Cavally', 53),
(861, 'Moyen-Comoe', 53),
(862, 'N\'zi-Comoe', 53),
(863, 'Sassandra', 53),
(864, 'Savanes', 53),
(865, 'Sud-Bandama', 53),
(866, 'Sud-Comoe', 53),
(867, 'Vallee du Bandama', 53),
(868, 'Worodougou', 53),
(869, 'Zanzan', 53),
(870, 'Bjelovar-Bilogora', 54),
(871, 'Dubrovnik-Neretva', 54),
(872, 'Grad Zagreb', 54),
(873, 'Istra', 54),
(874, 'Karlovac', 54),
(875, 'Koprivnica-Krizhevci', 54),
(876, 'Krapina-Zagorje', 54),
(877, 'Lika-Senj', 54),
(878, 'Medhimurje', 54),
(879, 'Medimurska Zupanija', 54),
(880, 'Osijek-Baranja', 54),
(881, 'Osjecko-Baranjska Zupanija', 54),
(882, 'Pozhega-Slavonija', 54),
(883, 'Primorje-Gorski Kotar', 54),
(884, 'Shibenik-Knin', 54),
(885, 'Sisak-Moslavina', 54),
(886, 'Slavonski Brod-Posavina', 54),
(887, 'Split-Dalmacija', 54),
(888, 'Varazhdin', 54),
(889, 'Virovitica-Podravina', 54),
(890, 'Vukovar-Srijem', 54),
(891, 'Zadar', 54),
(892, 'Zagreb', 54),
(893, 'Camaguey', 55),
(894, 'Ciego de Avila', 55),
(895, 'Cienfuegos', 55),
(896, 'Ciudad de la Habana', 55),
(897, 'Granma', 55),
(898, 'Guantanamo', 55),
(899, 'Habana', 55),
(900, 'Holguin', 55),
(901, 'Isla de la Juventud', 55),
(902, 'La Habana', 55),
(903, 'Las Tunas', 55),
(904, 'Matanzas', 55),
(905, 'Pinar del Rio', 55),
(906, 'Sancti Spiritus', 55),
(907, 'Santiago de Cuba', 55),
(908, 'Villa Clara', 55),
(909, 'Government controlled area', 56),
(910, 'Limassol', 56),
(911, 'Nicosia District', 56),
(912, 'Paphos', 56),
(913, 'Turkish controlled area', 56),
(914, 'Central Bohemian', 57),
(915, 'Frycovice', 57),
(916, 'Jihocesky Kraj', 57),
(917, 'Jihochesky', 57),
(918, 'Jihomoravsky', 57),
(919, 'Karlovarsky', 57),
(920, 'Klecany', 57),
(921, 'Kralovehradecky', 57),
(922, 'Liberecky', 57),
(923, 'Lipov', 57),
(924, 'Moravskoslezsky', 57),
(925, 'Olomoucky', 57),
(926, 'Olomoucky Kraj', 57),
(927, 'Pardubicky', 57),
(928, 'Plzensky', 57),
(929, 'Praha', 57),
(930, 'Rajhrad', 57),
(931, 'Smirice', 57),
(932, 'South Moravian', 57),
(933, 'Straz nad Nisou', 57),
(934, 'Stredochesky', 57),
(935, 'Unicov', 57),
(936, 'Ustecky', 57),
(937, 'Valletta', 57),
(938, 'Velesin', 57),
(939, 'Vysochina', 57),
(940, 'Zlinsky', 57),
(941, 'Arhus', 58),
(942, 'Bornholm', 58),
(943, 'Frederiksborg', 58),
(944, 'Fyn', 58),
(945, 'Hovedstaden', 58),
(946, 'Kobenhavn', 58),
(947, 'Kobenhavns Amt', 58),
(948, 'Kobenhavns Kommune', 58),
(949, 'Nordjylland', 58),
(950, 'Ribe', 58),
(951, 'Ringkobing', 58),
(952, 'Roervig', 58),
(953, 'Roskilde', 58),
(954, 'Roslev', 58);

-- --------------------------------------------------------

--
-- Table structure for table `user`
--

CREATE TABLE `user` (
  `id` int(11) NOT NULL,
  `firstname` varchar(255) NOT NULL,
  `lastname` varchar(255) NOT NULL,
  `username` varchar(255) NOT NULL,
  `password` varchar(256) NOT NULL,
  `email` varchar(255) NOT NULL,
  `role` int(11) NOT NULL,
  `profile_image` varchar(255) NOT NULL
) ENGINE=InnoDB DEFAULT CHARSET=latin1;

--
-- Dumping data for table `user`
--

INSERT INTO `user` (`id`, `firstname`, `lastname`, `username`, `password`, `email`, `role`, `profile_image`) VALUES
(1, 'Sathish', 'M', 'admin@gmail.com', '5f4dcc3b5aa765d61d8327deb882cf99', 'admin@gmail.com', 1, ''),
(2, 'mahe', 'chinnasamy', 'mahendran', '5f4dcc3b5aa765d61d8327deb882cf99', 'mahe@gmail.com', 1, '');

--
-- Indexes for dumped tables
--

--
-- Indexes for table `business_ads`
--
ALTER TABLE `business_ads`
  ADD PRIMARY KEY (`id`);

--
-- Indexes for table `category`
--
ALTER TABLE `category`
  ADD PRIMARY KEY (`id`);

--
-- Indexes for table `country`
--
ALTER TABLE `country`
  ADD PRIMARY KEY (`id`);

--
-- Indexes for table `events`
--
ALTER TABLE `events`
  ADD PRIMARY KEY (`id`);

--
-- Indexes for table `plans`
--
ALTER TABLE `plans`
  ADD PRIMARY KEY (`id`);

--
-- Indexes for table `role`
--
ALTER TABLE `role`
  ADD PRIMARY KEY (`id`);

--
-- Indexes for table `states`
--
ALTER TABLE `states`
  ADD PRIMARY KEY (`id`);

--
-- Indexes for table `user`
--
ALTER TABLE `user`
  ADD PRIMARY KEY (`id`);

--
-- AUTO_INCREMENT for dumped tables
--

--
-- AUTO_INCREMENT for table `business_ads`
--
ALTER TABLE `business_ads`
  MODIFY `id` int(11) NOT NULL AUTO_INCREMENT, AUTO_INCREMENT=35;

--
-- AUTO_INCREMENT for table `category`
--
ALTER TABLE `category`
  MODIFY `id` int(11) NOT NULL AUTO_INCREMENT, AUTO_INCREMENT=14;

--
-- AUTO_INCREMENT for table `country`
--
ALTER TABLE `country`
  MODIFY `id` int(11) NOT NULL AUTO_INCREMENT, AUTO_INCREMENT=247;

--
-- AUTO_INCREMENT for table `events`
--
ALTER TABLE `events`
  MODIFY `id` int(11) NOT NULL AUTO_INCREMENT, AUTO_INCREMENT=6;

--
-- AUTO_INCREMENT for table `plans`
--
ALTER TABLE `plans`
  MODIFY `id` int(11) NOT NULL AUTO_INCREMENT, AUTO_INCREMENT=10;

--
-- AUTO_INCREMENT for table `role`
--
ALTER TABLE `role`
  MODIFY `id` int(11) NOT NULL AUTO_INCREMENT, AUTO_INCREMENT=3;

--
-- AUTO_INCREMENT for table `user`
--
ALTER TABLE `user`
  MODIFY `id` int(11) NOT NULL AUTO_INCREMENT, AUTO_INCREMENT=3;
COMMIT;

/*!40101 SET CHARACTER_SET_CLIENT=@OLD_CHARACTER_SET_CLIENT */;
/*!40101 SET CHARACTER_SET_RESULTS=@OLD_CHARACTER_SET_RESULTS */;
/*!40101 SET COLLATION_CONNECTION=@OLD_COLLATION_CONNECTION */;
